,Date,views,likes,dislikes,comment_count,s&p_Open,s&p_High,s&p_Low,s&p_Close,s&p_Adj Close,s&p_Volume,dow_Open,dow_High,dow_Low,dow_Close,dow_Adj Close,dow_Volume,etc_Open,etc_High,etc_Low,etc_Close,etc_Adj Close,etc_Volume,btc_Open,btc_High,btc_Low,btc_Close,btc_Adj Close,btc_Volume
0,2017-11-14,185435246,7637635,270876,691402,2577.75,2579.659912,2566.560059,2578.8701170000004,2578.8701170000004,3641760000.0,23388.400391,23414.080078,23271.570313,23409.470703,23409.470703,561330000.0,314.600006,337.149994,314.450012,334.72000099999997,334.72000099999997,256426287,6522.450195,6728.589844,6419.180176,6597.060059,6597.060059,634604991
1,2017-11-15,212445216,7601148,313577,709009,2569.449951,2572.840088,2557.449951,2564.6201170000004,2564.6201170000004,3558890000.0,23334.589844,23344.990234,23242.75,23271.279297,23271.279297,404300000.0,334.72000099999997,345.179993,324.880005,331.200012,331.200012,171713343,6597.060059,7330.060059,6596.939941,7283.220215,7283.220215,922959468
2,2017-11-16,227365391,7886807,338755,735962,2572.949951,2590.090088,2572.949951,2585.639893,2585.639893,3312710000.0,23365.339844,23492.189453,23365.339844,23458.359375,23458.359375,402020000.0,331.200012,334.850006,321.899994,330.320007,330.320007,157426941,7283.02002,7964.640137,7119.169922,7853.680176000001,7853.680176000001,1010130763
3,2017-11-17,193541711,7143580,341176,814596,2582.939941,2583.959961,2577.6201170000004,2578.850098,2578.850098,3300160000.0,23433.769531,23433.769531,23356.009766,23358.240234,23358.240234,386000000.0,330.320007,334.549988,325.829987,331.72000099999997,331.72000099999997,124992568,7853.680176000001,8000.189941,7534.700195,7699.950195,7699.950195,917599923
4,2017-11-18,196846875,8393717,322349,901370,,,,,,,,,,,,,331.72000099999997,349.459991,326.829987,346.649994,346.649994,141724984,7699.950195,7857.52002,7458.899901999999,7780.910156,7780.910156,571121111
5,2017-11-19,215052284,9382879,324972,910415,,,,,,,,,,,,,346.649994,371.320007,343.890015,354.600006,354.600006,225946121,7781.02002,8100.870117,7675.410156,8042.640137,8042.640137,541391321
6,2017-11-20,257000111,10377742,367519,1038231,2579.48999,2584.639893,2578.23999,2582.139893,2582.139893,3003540000.0,23370.710938,23456.880859,23360.580078,23430.330078,23430.330078,315330000.0,354.670013,372.820007,354.27999900000003,367.709991,367.709991,167626773,8042.640137,8294.120117,7947.279785,8244.69043,8244.69043,617354329
7,2017-11-21,272366796,10567383,360554,1034750,2589.169922,2601.189941,2589.169922,2599.030029,2599.030029,3332720000.0,23500.150391,23617.800781,23500.150391,23590.830078,23590.830078,329650000.0,367.709991,372.869995,351.410004,360.519989,360.519989,251898109,8245.870117,8368.360352,7819.060059,8099.970215,8099.970215,938345413
8,2017-11-22,283346688,10543677,340612,1033128,2600.310059,2600.939941,2595.22998,2597.080078,2597.080078,2762950000.0,23597.240234,23605.769531,23507.609375,23526.179688,23526.179688,268760000.0,360.519989,381.609985,359.97000099999997,380.839996,380.839996,164317320,8099.919922,8304.370117,8091.629883,8234.549805,8234.549805,539697375
9,2017-11-23,279033536,9357437,298110,871763,,,,,,,,,,,,,380.829987,424.920013,375.440002,406.570007,406.570007,414164352,8234.5,8266.549805,8012.350098000001,8013.410156,8013.410156,555465146
10,2017-11-24,296317433,9401569,316980,888800,2600.419922,2604.209961,2600.419922,2602.419922,2602.419922,1349780000.0,23552.75,23599.179688,23551.589844,23557.990234,23557.990234,118610000.0,406.51001,478.380005,400.179993,470.42999299999997,470.42999299999997,394452948,8013.379883,8332.94043,7900.169922,8200.799805,8200.799805,595710405
11,2017-11-25,312452069,10939372,326568,1189356,,,,,,,,,,,,,470.39999400000005,483.380005,457.410004,464.60998499999994,464.60998499999994,301212841,8203.450195,8761.980469,8153.700195,8754.69043,8754.69043,718483679
12,2017-11-26,340390413,11674439,353589,1330635,,,,,,,,,,,,,464.549988,471.5,451.119995,470.540009,470.540009,172973289,8754.620117,9474.620117,8746.55957,9318.419922,9318.419922,782499976
13,2017-11-27,257899276,9833547,261986,1319357,2602.659912,2606.409912,2598.8701170000004,2601.419922,2601.419922,3006860000.0,23552.859375,23638.919922,23545.019531,23580.779297,23580.779297,296320000.0,470.450012,489.42999299999997,462.47000099999997,475.23999000000003,475.23999000000003,319587125,9318.419922,9733.610352,9316.839844,9733.200195,9733.200195,1025175619
14,2017-11-28,242584076,9170432,284057,1263186,2605.939941,2627.689941,2605.439941,2627.040039,2627.040039,3488420000.0,23625.189453,23849.609375,23617.109375,23836.710938,23836.710938,319240000.0,475.200012,478.459991,459.910004,466.26998899999995,466.26998899999995,258005286,9732.629883,9969.580078,9638.200195,9906.040039,9906.040039,865328615
15,2017-11-29,195162120,8811866,274239,1325386,2627.820068,2634.889893,2620.320068,2626.070068,2626.070068,4078280000.0,23883.259766,23959.759766,23872.589844,23940.679688,23940.679688,401410000.0,466.23999000000003,515.4400019999999,409.350006,427.420013,427.420013,619578824,9906.040039,11417.839844,8938.700195,9837.860352,9837.860352,2418792360
16,2017-11-30,239558899,10309148,316457,1562866,2633.929932,2657.73999,2633.929932,2647.580078,2647.580078,4938490000.0,24013.800781,24327.820313,24013.800781,24272.349609,24272.349609,488200000.0,427.299988,460.80999800000006,396.140015,434.85000599999995,434.85000599999995,438013592,9848.049805,10689.05957,9023.769531,9946.759766,9946.759766,1836210107
17,2017-12-01,232922521,10261408,273292,1562812,2645.100098,2650.6201170000004,2605.52002,2642.219971,2642.219971,3942320000.0,24305.400391,24322.060547,23921.900391,24231.589844,24231.589844,417910000.0,435.30999800000006,467.22000099999997,416.769989,461.579987,461.579987,259931075,9947.080078,10942.799805,9420.929688,10861.469727,10861.469727,1353669597
18,2017-12-02,216493881,9111105,246855,1022963,,,,,,,,,,,,,461.579987,471.39001500000006,449.69000199999994,457.959991,457.959991,214732551,10861.469727,11175.230469,10715.549805,10912.730469,10912.730469,950474241
19,2017-12-03,252269204,9874303,274121,1044691,,,,,,,,,,,,,457.959991,481.55999800000006,445.57000700000003,462.80999800000006,462.80999800000006,237918665,10912.719727,11851.089844,10578.429688,11246.209961,11246.209961,1380012064
20,2017-12-04,284933560,10405210,308329,1033652,2657.189941,2665.189941,2639.030029,2639.439941,2639.439941,4023150000.0,24424.109375,24534.039063,24288.189453,24290.050781,24290.050781,424250000.0,462.920013,472.160004,446.64001500000006,466.92999299999997,466.92999299999997,189877684,11244.200195,11624.629883,10917.80957,11623.910156,11623.910156,1057859226
21,2017-12-05,315863007,10993189,356188,1081209,2639.780029,2648.719971,2627.72998,2629.570068,2629.570068,3539040000.0,24335.009766,24349.740234,24155.279297,24180.640625,24180.640625,371190000.0,466.92999299999997,467.839996,451.47000099999997,453.959991,453.959991,227246572,11624.370117,11901.870117,11486.129883,11667.129883,11667.129883,1048839303
22,2017-12-06,336281463,11734154,352725,1175419,2626.23999,2634.409912,2624.75,2629.27002,2629.27002,3229000000.0,24171.900391,24229.349609,24134.490234,24140.910156,24140.910156,312720000.0,453.959991,456.869995,413.130005,422.48001100000005,422.48001100000005,470223347,11667.129883,13843.200195,11661.759766,13749.570313,13749.570313,2437037791
23,2017-12-07,385936747,13396888,807949,1677068,2628.3798829999996,2640.98999,2626.530029,2636.97998,2636.97998,3292400000.0,24116.599609,24262.880859,24101.240234,24211.480469,24211.480469,319060000.0,422.39001500000006,434.85000599999995,404.160004,421.14999400000005,421.14999400000005,416652301,13750.089844,16879.259766,13401.610352,16850.310547,16850.310547,4510225316
24,2017-12-08,395720361,13560573,1206275,1833551,2646.209961,2651.649902,2644.100098,2651.5,2651.5,3106150000.0,24263.259766,24330.119141,24225.5,24329.160156,24329.160156,293590000.0,420.76000999999997,461.10000599999995,410.329987,451.73999000000003,451.73999000000003,479837604,16867.980469,17294.849609,13906.099609,16047.610352000002,16047.610352000002,4546014731
25,2017-12-09,294591913,10213968,1408274,1814468,,,,,,,,,,,,,451.77999900000003,507.35998499999994,448.089996,472.85998499999994,472.85998499999994,522718280,16048.179688,16313.179688,13151.469727,14843.419922,14843.419922,2699876215
26,2017-12-10,327000962,10004971,1645570,1682519,,,,,,,,,,,,,472.30999800000006,472.77999900000003,428.299988,436.48999000000003,436.48999000000003,307733091,14839.980469,15783.200195,13031.0,15059.599609,15059.599609,2904037859
27,2017-12-11,374007988,10892272,1803280,1852339,2652.189941,2660.330078,2651.469971,2659.98999,2659.98999,3091950000.0,24338.109375,24389.720703,24314.740234,24386.029297,24386.029297,300580000.0,436.540009,519.349976,436.01000999999997,513.289978,513.289978,359245523,15060.450195,17399.179688,15024.55957,16732.470703,16732.470703,2634267594
28,2017-12-12,356733762,11207459,1916981,2055048,2661.72998,2669.719971,2659.780029,2664.110107,2664.110107,3555680000.0,24452.960938,24552.970703,24443.830078,24504.800781,24504.800781,342220000.0,513.3599849999999,678.25,499.57000700000003,656.52002,656.52002,997267993,16733.289063,17560.650391,16254.530272999998,17083.900391,17083.900391,2246138895
29,2017-12-13,379065448,11852860,2071717,2190644,2667.590088,2671.8798829999996,2662.850098,2662.850098,2662.850098,3542370000.0,24525.189453,24666.019531,24518.300781,24585.429688,24585.429688,325280000.0,656.52002,755.070007,593.8900150000001,699.090027,699.090027,1324617349,17083.900391,17267.960938,15669.860352000002,16286.820313,16286.820313,2576055941
30,2017-12-14,380020103,11746709,2120656,2068134,2665.8701170000004,2668.090088,2652.01001,2652.01001,2652.01001,3430030000.0,24631.009766,24672.480469,24508.660156,24508.660156,24508.660156,314780000.0,699.090027,751.679993,662.289978,693.580017,693.580017,806129945,16286.820313,16941.080078,16023.639647999998,16467.910156,16467.910156,1773813863
31,2017-12-15,240799590,8406477,650921,1193566,2660.6298829999996,2679.6298829999996,2659.139893,2675.810059,2675.810059,5723920000.0,24585.710938,24688.619141,24584.439453,24651.740234,24651.740234,635740000.0,693.580017,696.8900150000001,614.330017,684.27002,684.27002,633348317,16467.910156,17987.029297,16442.199219,17604.849609,17604.849609,2682351213
32,2017-12-16,179201789,7589786,596601,1044851,,,,,,,,,,,,,684.090027,718.369995,678.52002,692.830017,692.830017,378863163,17594.080078,19587.699219,17318.539063,19345.490234,19345.490234,2078806368
33,2017-12-17,190812825,7673758,612634,1029525,,,,,,,,,,,,,692.320007,732.450012,691.950012,717.710022,717.710022,381124251,19346.599609,19870.619141,18750.910156,19065.710938,19065.710938,2264650369
34,2017-12-18,220924291,8829652,653206,1118407,2685.919922,2694.969971,2685.919922,2690.159912,2690.159912,3724660000.0,24739.560547,24876.070313,24739.560547,24792.199219,24792.199219,354880000.0,717.72998,799.369995,679.799988,785.98999,785.98999,752383737,19065.710938,19221.099609,18114.419922,18972.320313,18972.320313,2597510049
35,2017-12-19,185778037,7701029,535141,960461,2692.709961,2694.439941,2680.73999,2681.469971,2681.469971,3368590000.0,24834.380859,24850.109375,24715.599609,24754.75,24754.75,335330000.0,786.169983,868.8900150000001,767.590027,812.5,812.5,1094688835,18971.189453,19021.970703,16812.800781,17523.699219,17523.699219,3136709262
36,2017-12-20,180256066,7146694,520835,802313,2688.179932,2691.01001,2676.110107,2679.25,2679.25,3241030000.0,24838.089844,24852.439453,24697.109375,24726.650391,24726.650391,341790000.0,812.5,830.200012,713.75,799.169983,799.169983,889990388,17521.730469,17813.599609,15642.69043,16461.970703,16461.970703,3791752510
37,2017-12-21,190463226,8210855,591567,906934,2683.02002,2692.639893,2682.399902,2684.570068,2684.570068,3273390000.0,24778.259766,24850.910156,24766.269531,24782.289063,24782.289063,339530000.0,799.169983,840.5499880000001,759.650024,789.3900150000001,789.3900150000001,725479885,16461.089844,17301.830078,14952.980469,15632.120116999999,15632.120116999999,2619295475
38,2017-12-22,188871931,8046255,347629,914320,2684.219971,2685.350098,2678.1298829999996,2683.340088,2683.340088,2399830000.0,24764.039063,24784.150391,24717.509766,24754.060547,24754.060547,255140000.0,789.3900150000001,794.159973,490.27999900000003,657.830017,657.830017,1535685091,15632.120116999999,15823.719727000002,10875.709961,13664.969727000002,13664.969727000002,6245731508
39,2017-12-23,177951980,7826633,387474,927689,,,,,,,,,,,,,657.8099980000001,747.530029,651.099976,700.4400019999999,700.4400019999999,468771914,13664.969727000002,15493.230469,13356.070313,14396.459961000002,14396.459961000002,2491903154
40,2017-12-24,182826459,7658569,405621,824167,,,,,,,,,,,,,700.4400019999999,701.070007,597.119995,675.909973,675.909973,477777689,14396.629883000001,14413.719727000002,12166.450195,13789.950195,13789.950195,2428437693
41,2017-12-25,210844932,8512395,457242,886673,,,,,,,,,,,,,676.080017,747.3599849999999,671.710022,723.1400150000001,723.1400150000001,382873119,13789.950195,14467.429688,13010.709961,13833.490234,13833.490234,1487888106
42,2017-12-26,221678391,7988858,475170,746727,2679.090088,2682.73999,2677.959961,2680.5,2680.5,1968780000.0,24715.839844,24778.130859,24708.419922,24746.210938,24746.210938,208290000.0,723.1400150000001,756.030029,722.22998,753.400024,753.400024,293691001,13830.19043,16094.669922,13748.490234,15756.55957,15756.55957,2198577125
43,2017-12-27,241898842,9010573,473247,854067,2682.100098,2685.639893,2678.909912,2682.6201170000004,2682.6201170000004,2202080000.0,24766.519531,24789.519531,24731.679688,24774.300781,24774.300781,225890000.0,753.4400019999999,766.530029,706.669983,739.9400019999999,739.9400019999999,352542483,15757.019531,16514.589844,14534.660156,15416.639647999998,15416.639647999998,2162831128
44,2017-12-28,264150877,9382064,504767,978751,2686.100098,2687.659912,2682.689941,2687.540039,2687.540039,2153330000.0,24807.210938,24839.230469,24797.130859,24837.509766,24837.509766,200960000.0,739.929993,741.460022,671.22998,716.6900019999999,716.6900019999999,437323299,15416.339844,15505.509766,13466.070313,14398.700195,14398.700195,2425912717
45,2017-12-29,269783913,9325157,513907,950719,2689.149902,2692.1201170000004,2673.610107,2673.610107,2673.610107,2443490000.0,24849.630859,24871.660156,24719.220703,24719.220703,24719.220703,270760000.0,716.6900019999999,755.200012,710.200012,739.599976,739.599976,392497843,14398.450195,15109.80957,13951.080078,14392.570313,14392.570313,1733583750
46,2017-12-30,272059514,8975258,526598,901405,,,,,,,,,,,,,739.599976,741.669983,663.880005,692.98999,692.98999,455555629,14392.139647999998,14461.459961000002,11962.089844,12531.519531,12531.519531,2387311023
47,2017-12-31,287060487,9827989,558118,981777,,,,,,,,,,,,,692.98999,746.619995,686.4400019999999,741.130005,741.130005,259822610,12532.379883,14241.820313,12359.429688,13850.400391,13850.400391,1492142483
48,2018-01-01,307958318,10198450,583864,1019090,,,,,,,,,,,,,741.090027,765.299988,724.330017,756.200012,756.200012,256171569,13850.490234,13921.530272999998,12877.669922,13444.879883000001,13444.879883000001,1057521524
49,2018-01-02,320211642,10101930,599085,1024877,2683.72998,2695.889893,2682.360107,2695.810059,2695.810059,3367250000.0,24809.349609,24864.189453,24741.699219,24824.009766,24824.009766,341130000.0,756.169983,882.6099849999999,756.169983,861.9699710000001,861.9699710000001,949013949,13444.879883000001,15306.129883000001,12934.160156,14754.129883000001,14754.129883000001,1956783037
50,2018-01-03,251099889,9252551,1029727,1613958,2697.850098,2714.3701170000004,2697.77002,2713.060059,2713.060059,3538660000.0,24850.449219,24941.919922,24825.550781,24922.679688,24922.679688,456790000.0,861.9699710000001,951.7000119999999,847.900024,941.099976,941.099976,778108786,14754.089844,15435.009766,14579.709961000002,15156.620116999999,15156.620116999999,1604206990
51,2018-01-04,239990961,9080765,1417631,1935435,2719.310059,2729.290039,2719.070068,2723.98999,2723.98999,3695260000.0,24964.859375,25105.960938,24963.269531,25075.130859,25075.130859,403280000.0,941.0,997.4400019999999,901.0300289999999,944.830017,944.830017,780050914,15156.490234,15408.660156,14244.669922,15180.080078,15180.080078,1656714736
52,2018-01-05,202066493,8489162,1545551,2019722,2731.330078,2743.449951,2727.919922,2743.149902,2743.149902,3236620000.0,25114.919922,25299.789063,25112.009766,25295.869141,25295.869141,358020000.0,944.830017,1018.3699949999999,933.9799800000001,967.1300050000001,967.1300050000001,808280779,15180.080078,17126.949219,14832.360352000002,16954.779297,16954.779297,2283988962
53,2018-01-06,208635326,8605177,1697195,1989389,,,,,,,,,,,,,967.1300050000001,1010.169983,958.2899779999999,1006.409973,1006.409973,381555969,16954.759766,17252.849609,16286.570313,17172.300781,17172.300781,1412703790
54,2018-01-07,218772690,8453673,1813980,2067367,,,,,,,,,,,,,1006.409973,1117.839966,1003.2100220000001,1117.75,1117.75,602250144,17174.5,17184.810547,15791.129883000001,16228.160156,16228.160156,1309532650
55,2018-01-08,231850086,8537317,1925447,2141899,2742.669922,2748.51001,2737.600098,2747.709961,2747.709961,3242650000.0,25308.400391,25311.990234,25235.410156,25283.0,25283.0,341390000.0,1117.75,1228.25,967.840027,1136.109985,1136.109985,1292737991,16228.259766,16302.919922,13902.30957,14976.169922,14976.169922,2166366561
56,2018-01-09,248347992,8772408,2026466,2226433,2751.149902,2759.139893,2747.860107,2751.290039,2751.290039,3453480000.0,25312.050781,25439.779297,25308.410156,25385.800781,25385.800781,333490000.0,1136.109985,1300.300049,1133.699951,1289.23999,1289.23999,986697724,14976.169922,15390.280272999998,14221.549805,14468.5,14468.5,1486802326
57,2018-01-12,200000937,6986911,377499,747023,2770.179932,2787.850098,2769.639893,2786.23999,2786.23999,3573970000.0,25638.390625,25810.429688,25633.080078,25803.189453,25803.189453,376390000.0,1139.319946,1287.060059,1087.609985,1261.030029,1261.030029,704750432,13308.05957,14129.080078,12851.910156,13841.19043,13841.19043,1402292716
58,2018-01-13,139776028,5972728,272835,671697,,,,,,,,,,,,,1261.060059,1422.859985,1261.01001,1385.02002,1385.02002,744906594,13841.19043,14595.040038999998,13830.280272999998,14243.120116999999,14243.120116999999,1021352776
59,2018-01-14,165774508,7022953,314923,760748,,,,,,,,,,,,,1385.02002,1389.319946,1267.47998,1359.47998,1359.47998,610496132,14244.120116999999,14415.669922,13031.910156,13638.629883000001,13638.629883000001,1112590573
60,2018-01-15,194580496,8012565,361403,874141,,,,,,,,,,,,,1359.380005,1381.349976,1271.069946,1278.689941,1278.689941,537797572,13638.629883000001,14355.820313,13416.709961,13631.980469,13631.980469,1170462750
61,2018-01-16,215509699,8427197,316203,890672,2798.959961,2807.540039,2768.639893,2776.419922,2776.419922,4325970000.0,25987.619141,26086.119141,25702.990234,25792.859375,25792.859375,606520000.0,1278.699951,1282.27002,864.2299800000001,1050.26001,1050.26001,1931700742,13634.599609,13648.839844,10032.69043,11282.490234,11282.490234,3842651741
62,2018-01-17,220096801,8113346,323434,837366,2784.98999,2807.040039,2778.3798829999996,2802.560059,2802.560059,3778050000.0,25910.779297,26130.449219,25865.019531,26115.650391,26115.650391,522720000.0,1050.26001,1115.660034,764.75,1024.689941,1024.689941,2034010888,11282.490234,11736.299805,9205.379883,11162.700195,11162.700195,3666978316
63,2018-01-18,216173739,8553689,352754,953823,2802.399902,2805.830078,2792.560059,2798.030029,2798.030029,3681470000.0,26149.550781,26153.419922,25947.320313,26017.810547,26017.810547,492780000.0,1024.900024,1093.900024,949.5599980000001,1012.9699710000001,1012.9699710000001,1117430433,11162.700195,12018.429688,10642.330078,11175.519531,11175.519531,2357251805
64,2018-01-19,207910764,8401519,366035,956114,2802.600098,2810.330078,2798.080078,2810.300049,2810.300049,3639430000.0,25987.349609,26071.720703,25942.830078,26071.720703,26071.720703,585000000.0,1012.9699710000001,1083.619995,982.6199949999999,1037.359985,1037.359985,517599347,11175.519531,11780.490234,10867.179688,11521.759766,11521.759766,1264875700
65,2018-01-20,150079592,5995184,279337,807529,,,,,,,,,,,,,1037.359985,1164.619995,1036.819946,1150.5,1150.5,545646401,11521.820313,13031.040039,11502.110352,12783.94043,12783.94043,1492721765
66,2018-01-21,160575431,6488222,301872,890260,,,,,,,,,,,,,1150.5,1150.569946,1008.0599980000001,1049.089966,1049.089966,543760385,12783.540039,12787.349609,11101.730469,11549.929688,11549.929688,1552755289
67,2018-01-22,183528951,7244431,346873,976723,2809.159912,2833.030029,2808.1201170000004,2832.969971,2832.969971,3471780000.0,26025.320313,26215.230469,25974.650391,26214.599609,26214.599609,431200000.0,1049.089966,1084.280029,917.0,999.6400150000001,999.6400150000001,676845706,11549.980469,11913.740234,10067.759766,10814.519531,10814.519531,1811992345
68,2018-01-23,206291076,7897049,386188,1018980,2835.050049,2842.23999,2830.590088,2839.1298829999996,2839.1298829999996,3519650000.0,26214.869141,26246.189453,26143.900391,26210.810547,26210.810547,433490000.0,999.75,1020.659973,908.3099980000001,984.4699710000001,984.4699710000001,660805261,10814.519531,11388.519531,9980.5,10858.230469,10858.230469,1710180828
69,2018-01-24,236075723,9578211,414942,1169564,2845.419922,2852.969971,2824.810059,2837.540039,2837.540039,4014070000.0,26282.070313,26392.800781,26106.939453,26252.119141,26252.119141,518790000.0,984.4799800000001,1062.599976,956.9699710000001,1061.780029,1061.780029,521553676,10853.780273,11531.599609,10506.549805,11429.019531,11429.019531,1286435482
70,2018-01-25,263220554,10824790,581404,1425648,2846.23999,2848.560059,2830.939941,2839.25,2839.25,3835150000.0,26313.060547,26458.25,26259.720703,26392.789063,26392.789063,401390000.0,1061.609985,1102.420044,1022.2000119999999,1046.369995,1046.369995,568607934,11428.110352,11741.919922,10930.339844,11175.870117,11175.870117,1061064251
71,2018-01-26,203842366,9103029,577977,1430943,2847.47998,2872.8701170000004,2846.179932,2872.8701170000004,2872.8701170000004,3443230000.0,26466.740234,26616.710938,26425.349609,26616.710938,26616.710938,477780000.0,1046.369995,1075.589966,987.1300050000001,1048.579956,1048.579956,509049582,11175.870117,11656.540039,10346.860352,11104.200195,11104.200195,1560135332
72,2018-01-27,204888647,9570872,677286,1494632,,,,,,,,,,,,,1048.579956,1121.900024,1033.859985,1109.079956,1109.079956,395059716,11104.339844,11638.69043,10879.200195,11459.709961,11459.709961,1031091633
73,2018-01-28,230851421,10537865,764954,1562711,,,,,,,,,,,,,1109.079956,1240.469971,1101.619995,1231.579956,1231.579956,662174309,11460.389648,12064.19043,11407.94043,11767.740234,11767.740234,1038153169
74,2018-01-29,254819348,10856193,811133,1582032,2867.22998,2870.6201170000004,2851.47998,2853.530029,2853.530029,3573830000.0,26584.279297,26608.900391,26435.339844,26439.480469,26439.480469,421000000.0,1231.569946,1240.319946,1151.530029,1169.959961,1169.959961,515965244,11767.740234,11860.290039,11089.519531,11233.950195,11233.950195,920836244
75,2018-01-30,273953619,10376304,860235,1532951,2832.73999,2837.75,2818.27002,2822.429932,2822.429932,3990650000.0,26198.449219,26256.990234,26028.419922,26076.890625,26076.890625,448330000.0,1169.939941,1173.180054,1034.719971,1063.75,1063.75,835962532,11234.320313,11263.700195,9871.209961,10107.259766,10107.259766,1720894077
76,2018-01-31,284785836,10427949,917528,1584187,2832.409912,2839.26001,2813.040039,2823.810059,2823.810059,4261280000.0,26268.169922,26338.029297,26050.980469,26149.390625,26149.390625,479130000.0,1063.77002,1122.97998,1020.7700199999999,1111.310059,1111.310059,550605628,10107.400391,10377.959961,9698.129883,10226.860352,10226.860352,1230902973
77,2018-02-01,285213702,10226701,929042,1570498,2816.449951,2835.959961,2812.699951,2821.97998,2821.97998,3938450000.0,26083.039063,26306.699219,26014.439453,26186.710938,26186.710938,410620000.0,1111.290039,1155.579956,954.75,1026.189941,1026.189941,1033001644,10226.860352,10280.839844,8726.950195,9114.719727,9114.719727,1964308989
78,2018-02-02,208205332,6026145,358976,666494,2808.919922,2808.919922,2759.969971,2762.1298829999996,2762.1298829999996,4301130000.0,26061.789063,26061.789063,25490.660156,25520.960938,25520.960938,522880000.0,1026.189941,1027.660034,746.669983,917.4699710000001,917.4699710000001,1606436956,9114.730469,9147.929688,7786.200195,8870.820313,8870.820313,2768759876
79,2018-02-03,181514507,5334211,233315,584726,,,,,,,,,,,,,917.4699710000001,997.599976,845.179993,970.8699949999999,970.8699949999999,552868551,8872.870117,9504.370117,8194.679688,9251.269531,9251.269531,1253484523
80,2018-02-04,206411196,5556944,237534,545055,,,,,,,,,,,,,970.8699949999999,971.0499880000001,781.3599849999999,827.590027,827.590027,666593264,9251.269531,9400.990234,7889.830078,8218.049805,8218.049805,1413207410
81,2018-02-05,214355855,4237357,218577,391112,2741.060059,2763.389893,2638.169922,2648.939941,2648.939941,5283460000.0,25337.869141,25520.529297,23923.880859,24345.75,24345.75,714450000.0,826.340027,857.820007,629.080017,695.080017,695.080017,1272929187,8218.049805,8391.290039,6627.310059,6937.080078,6937.080078,2534149181
82,2018-02-06,316643047,5031881,265521,477277,2614.780029,2701.040039,2593.070068,2695.139893,2695.139893,5891660000.0,24085.169922,24946.230469,23778.740234,24912.769531,24912.769531,823940000.0,695.049988,801.72998,564.1900019999999,785.01001,785.01001,1556542861,6936.430176000001,7932.379883,5968.359863000001,7701.25,7701.25,3397596513
83,2018-02-07,315519845,4645379,257208,469741,2690.949951,2727.669922,2681.330078,2681.659912,2681.659912,4626570000.0,24892.869141,25293.960938,24785.439453,24893.349609,24893.349609,504620000.0,785.159973,858.2800289999999,718.280029,751.8099980000001,751.8099980000001,895500139,7701.25,8572.679688,7208.859863,7592.720215,7592.720215,2159765331
84,2018-02-08,383653654,7282477,571278,1170291,2685.01001,2685.27002,2580.560059,2581.0,2581.0,5305440000.0,24902.300781,24903.679688,23849.230469,23860.460938,23860.460938,657500000.0,751.8599849999999,844.8599849999999,750.02002,813.549988,813.549988,510550202,7593.779785,8643.94043,7590.47998,8260.69043,8260.69043,1594673973
85,2018-02-09,375218909,7690824,551638,1192037,2601.780029,2638.669922,2532.689941,2619.550049,2619.550049,5680070000.0,23992.669922,24382.140625,23360.289063,24190.900391,24190.900391,735030000.0,813.549988,880.2199710000001,781.5,877.8800050000001,877.8800050000001,469210004,8259.259766,8743.200195,7775.359863,8696.830078,8696.830078,1348072086
86,2018-02-10,374687228,6713240,240176,757120,,,,,,,,,,,,,877.659973,909.320007,816.090027,850.75,850.75,451412405,8696.830078,9081.490234,8176.25,8569.290039,8569.290039,1348923336
87,2018-02-11,405072163,7161468,269399,779003,,,,,,,,,,,,,850.98999,853.73999,780.130005,811.23999,811.23999,308313754,8569.320313,8573.349609,7862.310059,8084.609863,8084.609863,1013771945
88,2018-02-12,405521012,7892241,304885,835550,2636.75,2672.610107,2622.449951,2656.0,2656.0,4055790000.0,24337.759766,24765.160156,24290.480469,24601.269531,24601.269531,496610000.0,811.169983,874.849976,811.090027,865.2700199999999,865.2700199999999,300521830,8084.609863,8997.339844,8084.410156,8911.269531,8911.269531,1085921871
89,2018-02-13,405714064,8343211,335607,867457,2646.27002,2668.840088,2637.080078,2662.939941,2662.939941,3472870000.0,24540.330078,24705.720703,24421.029297,24640.449219,24640.449219,374410000.0,865.2800289999999,867.599976,823.77002,840.9799800000001,840.9799800000001,256092877,8911.169922,8955.150391,8379.349609,8544.69043,8544.69043,853320352
90,2018-02-14,340657192,8437262,318501,871027,2651.209961,2702.100098,2648.8701170000004,2698.6298829999996,2698.6298829999996,4003740000.0,24535.820313,24925.949219,24490.359375,24893.490234,24893.490234,431160000.0,840.98999,922.3699949999999,840.8699949999999,920.1099849999999,920.1099849999999,470132510,8544.69043,9508.219727,8542.980469,9485.639648,9485.639648,1220863360
91,2018-02-15,267444169,8822800,317488,924177,2713.459961,2731.51001,2689.820068,2731.199951,2731.199951,3684910000.0,25047.820313,25203.949219,24809.419922,25200.369141,25200.369141,416780000.0,920.1099849999999,947.5300289999999,905.650024,927.9500119999999,927.9500119999999,454133646,9485.639648,10223.580078,9363.379883,10033.75,10033.75,1666668487
92,2018-02-16,280891975,9425728,318251,979513,2727.139893,2754.419922,2725.110107,2732.219971,2732.219971,3637460000.0,25165.939453,25432.419922,25149.259766,25219.380859,25219.380859,406730000.0,927.9500119999999,945.3599849999999,909.409973,938.0200199999999,938.0200199999999,282763877,10033.75,10303.139648,9720.379883,10188.730469,10188.730469,1061827697
93,2018-02-17,268085613,9199636,388610,879227,,,,,,,,,,,,,937.919983,974.830017,934.9500119999999,974.7700199999999,974.7700199999999,276682460,10188.730469,11119.450195,10074.070313,11097.209961,11097.209961,1327921168
94,2018-02-18,277050225,9233535,354678,837922,,,,,,,,,,,,,974.7800289999999,981.4799800000001,905.9600220000001,913.900024,913.900024,375068724,11097.209961,11288.339844,10161.009766,10417.230469,10417.230469,1659704217
95,2018-02-19,230672053,8070797,284222,770742,,,,,,,,,,,,,913.900024,955.6199949999999,911.599976,939.7899779999999,939.7899779999999,218921662,10418.120117,11265.959961,10336.320313,11182.280273,11182.280273,1186535653
96,2018-02-20,242446168,8190699,326184,794158,2722.98999,2737.600098,2706.76001,2716.26001,2716.26001,3627610000.0,25124.910156,25179.009766,24884.189453,24964.75,24964.75,421510000.0,939.7899779999999,958.8599849999999,877.2800289999999,885.5200199999999,885.5200199999999,344672330,11182.280273,11802.230469,11130.950195,11256.429688,11256.429688,1640343867
97,2018-02-21,254260078,8134294,405984,833179,2720.530029,2747.75,2701.290039,2701.330078,2701.330078,3779400000.0,24988.060547,25267.990234,24792.990234,24797.779297,24797.779297,456070000.0,885.5200199999999,906.5599980000001,818.119995,840.099976,840.099976,445950029,11256.780273,11295.580078,10256.209961,10481.660156,10481.660156,1982721124
98,2018-02-22,276585549,8712804,441546,905231,2710.419922,2731.26001,2697.77002,2703.959961,2703.959961,3701270000.0,24855.410156,25156.720703,24854.830078,24962.480469,24962.480469,378900000.0,840.1900019999999,871.320007,788.919983,804.630005,804.630005,362800754,10481.660156,10941.570313,9757.19043,9847.959961,9847.959961,1795951829
99,2018-02-23,275609399,8920335,442656,1102236,2715.800049,2747.76001,2713.73999,2747.300049,2747.300049,3189190000.0,25050.509766,25313.910156,25028.730469,25309.990234,25309.990234,335420000.0,804.6099849999999,882.419983,787.969971,854.7000119999999,854.7000119999999,340134173,9847.959961,10420.669922,9604.0,10175.509766,10175.509766,1399448203
100,2018-02-24,267398542,9144226,309865,1113875,,,,,,,,,,,,,854.7000119999999,874.7199710000001,810.6400150000001,833.48999,833.48999,255866976,10175.509766,10528.0,9396.540039,9705.730469,9705.730469,1244484468
101,2018-02-25,269273227,8371938,468088,1094805,,,,,,,,,,,,,833.48999,849.5200199999999,818.549988,840.2800289999999,840.2800289999999,171228507,9705.730469,9873.790039,9329.44043,9610.110352,9610.110352,793093192
102,2018-02-26,248921980,8684204,451243,1163312,2757.3701170000004,2780.639893,2753.780029,2779.600098,2779.600098,3424650000.0,25403.349609,25732.800781,25398.560547,25709.269531,25709.269531,473360000.0,840.2800289999999,880.1199949999999,834.0599980000001,867.6199949999999,867.6199949999999,247282448,9610.110352,10457.509766,9411.820313,10326.5,10326.5,1181729273
103,2018-02-27,240118802,9306545,441577,1246561,2780.449951,2789.149902,2744.219971,2744.280029,2744.280029,3745080000.0,25735.779297,25800.349609,25407.830078,25410.029297,25410.029297,438390000.0,867.6199949999999,894.919983,861.7199710000001,871.580017,871.580017,201082786,10326.5,10879.379883,10154.240234,10594.759766,10594.759766,1060840699
104,2018-02-28,228959407,9099425,436303,1290226,2753.780029,2761.52002,2713.540039,2713.830078,2713.830078,4230660000.0,25485.150391,25576.150391,25022.419922,25029.199219,25029.199219,451870000.0,871.590027,887.51001,850.580017,851.5,851.5,195669597,10594.759766,11067.759766,10303.139648,10334.44043,10334.44043,1126074675
105,2018-03-01,221846946,9291289,259246,1219245,2715.219971,2730.889893,2659.649902,2677.669922,2677.669922,4503970000.0,25024.039063,25185.349609,24442.560547,24608.980469,24608.980469,506280000.0,851.5,880.2100220000001,846.7199710000001,869.8699949999999,869.8699949999999,182033011,10334.44043,11090.299805,10247.55957,10929.370117,10929.370117,952472120
106,2018-03-02,214369321,10090726,238498,1504914,2658.889893,2696.25,2647.320068,2691.25,2691.25,3882450000.0,24394.910156,24592.460938,24217.759766,24538.060547,24538.060547,437130000.0,869.840027,876.5599980000001,849.98999,855.599976,855.599976,135957233,10929.370117,11191.94043,10801.450195,11043.120117,11043.120117,852908489
107,2018-03-03,238248343,10863408,276293,1608245,,,,,,,,,,,,,855.599976,867.4400019999999,852.8599849999999,855.650024,855.650024,94471138,11043.120117,11530.660156,11043.120117,11465.360352,11465.360352,812200126
108,2018-03-04,246275268,11110230,297313,1615172,,,,,,,,,,,,,855.650024,867.340027,838.3599849999999,864.830017,864.830017,99578403,11465.360352,11539.790039,11084.009766,11504.419922,11504.419922,690727335
109,2018-03-05,274185701,11657984,322770,1672765,2681.060059,2728.090088,2675.75,2720.939941,2720.939941,3710810000.0,24471.310547,24961.0,24387.150391,24874.759766,24874.759766,383910000.0,864.919983,868.7999880000001,849.2800289999999,849.419983,849.419983,127303467,11503.94043,11694.150391,11431.549805,11440.730469,11440.730469,791471905
110,2018-03-06,263472101,11367703,340535,1668143,2730.179932,2732.080078,2711.26001,2728.1201170000004,2728.1201170000004,3370690000.0,24965.890625,24995.240234,24708.410156,24884.119141,24884.119141,331770000.0,849.570007,851.0399779999999,803.650024,815.6900019999999,815.6900019999999,195875620,11440.330078,11441.650391,10589.280273,10735.450195,10735.450195,1210081181
111,2018-03-07,264561519,10457769,340359,1360719,2710.179932,2730.600098,2701.73999,2726.800049,2726.800049,3393270000.0,24758.150391,24849.679688,24535.119141,24801.359375,24801.359375,394070000.0,815.650024,825.320007,726.380005,751.130005,751.130005,354361800,10735.450195,10913.700195,9470.730469,9928.55957,9928.55957,1858869115
112,2018-03-08,250911518,9686829,329733,1104490,2732.75,2740.449951,2722.649902,2738.969971,2738.969971,3212320000.0,24853.410156,24950.490234,24703.050781,24895.210938,24895.210938,327300000.0,751.130005,772.51001,688.840027,698.830017,698.830017,289838564,9928.55957,10119.209961,9086.849609,9316.719727,9316.719727,1492236089
113,2018-03-09,262123805,10090114,351291,1147010,2752.909912,2786.570068,2751.540039,2786.570068,2786.570068,3364100000.0,25004.890625,25336.330078,25004.890625,25335.740234,25335.740234,371570000.0,698.830017,730.460022,642.0599980000001,726.919983,726.919983,409323870,9316.769531,9433.379883,8393.450195,9252.759766,9252.759766,2081621422
114,2018-03-10,276855930,10426105,356882,1173935,,,,,,,,,,,,,726.76001,747.820007,678.650024,682.299988,682.299988,203802606,9252.759766,9518.620117,8727.429688,8797.269531,8797.269531,1084925795
115,2018-03-11,293109494,10884076,380100,1258059,,,,,,,,,,,,,682.299988,735.01001,663.580017,720.3599849999999,720.3599849999999,206098889,8797.269531,9735.639648,8484.320313,9544.839844,9544.839844,1374814644
116,2018-03-12,310744714,11179745,410033,1235884,2790.540039,2796.97998,2779.26001,2783.02002,2783.02002,3185020000.0,25372.439453,25449.150391,25152.019531,25178.609375,25178.609375,362580000.0,720.369995,739.869995,678.130005,697.02002,697.02002,208107856,9543.980469,9907.410156,8796.519531,9142.150391,9142.150391,1435404200
117,2018-03-13,343076259,12484008,474361,1366267,2792.310059,2801.899902,2758.679932,2765.310059,2765.310059,3301650000.0,25257.75,25376.400391,24947.5,25007.029297,25007.029297,447880000.0,697.0,714.1900019999999,679.1900019999999,689.960022,689.960022,194913670,9142.269531,9486.120117,8856.650391,9160.120117,9160.120117,1228556284
118,2018-03-14,371009402,12995503,510475,1410522,2774.060059,2777.110107,2744.3798829999996,2749.47998,2749.47998,3391360000.0,25086.970703,25130.119141,24668.830078,24758.119141,24758.119141,356830000.0,689.960022,703.380005,586.700012,613.150024,613.150024,325415119,9160.120117,9360.660156,7966.939941,8217.700195,8217.700195,1385572511
119,2018-03-15,425711784,15048076,574501,1669572,2754.27002,2763.030029,2741.469971,2747.330078,2747.330078,3500330000.0,24837.289063,25053.869141,24753.289063,24873.660156,24873.660156,316310000.0,613.150024,620.429993,572.1099849999999,610.5599980000001,610.5599980000001,342311699,8216.219727,8432.120117,7698.470215,8268.410156,8268.410156,1519850464
120,2018-03-16,429155669,14950959,585804,1647871,2750.570068,2761.850098,2749.969971,2752.01001,2752.01001,5372340000.0,24877.339844,25031.0,24857.089844,24946.509766,24946.509766,654240000.0,610.659973,626.130005,585.159973,600.530029,600.530029,221082941,8267.950195,8616.629883,7924.109863,8283.230469,8283.230469,1082790136
121,2018-03-17,433837787,15410538,572061,1743017,,,,,,,,,,,,,600.530029,609.9400019999999,543.280029,549.789978,549.789978,208843294,8283.230469,8360.639648,7765.410156,7883.450195,7883.450195,901939422
122,2018-03-18,465702416,15942458,600045,1702218,,,,,,,,,,,,,549.789978,559.929993,454.17999299999997,537.380005,537.380005,719812876,7882.669922,8299.860352,7318.459961,8215.400391,8215.400391,1535519444
123,2018-03-19,504539093,16914488,639389,1782538,2741.3798829999996,2741.3798829999996,2694.590088,2712.919922,2712.919922,3302130000.0,24893.689453,24893.689453,24453.140625,24610.910156,24610.910156,377990000.0,537.380005,559.070007,515.840027,555.549988,555.549988,418500605,8215.5,8725.599609,8129.660156,8623.139648,8623.139648,1447812723
124,2018-03-20,511851718,15304321,646558,1624506,2715.050049,2724.219971,2710.050049,2716.939941,2716.939941,3261030000.0,24650.640625,24803.609375,24650.640625,24727.269531,24727.269531,342510000.0,555.549988,567.0,516.780029,557.570007,557.570007,331343470,8623.139648,9056.230469,8339.799805,8920.709961,8920.709961,1150462439
125,2018-03-21,525922020,15658951,661418,1680871,2714.98999,2739.139893,2709.790039,2711.929932,2711.929932,3415510000.0,24723.490234,24977.650391,24655.400391,24682.310547,24682.310547,343230000.0,557.570007,590.200012,545.47998,559.909973,559.909973,277714049,8920.530273,9184.509766,8778.69043,8911.349609,8911.349609,991376396
126,2018-03-22,554022979,16340318,695693,1766277,2691.360107,2695.679932,2641.590088,2643.689941,2643.689941,3739800000.0,24526.009766,24526.009766,23938.740234,23957.890625,23957.890625,439280000.0,559.909973,578.01001,516.219971,539.8900150000001,539.8900150000001,233985932,8911.370117,9107.0,8500.879883,8724.980469,8724.980469,1023286566
127,2018-03-23,564484552,16895572,697598,1809658,2646.709961,2657.669922,2585.889893,2588.26001,2588.26001,3815080000.0,23995.179688,24108.470703,23509.060547,23533.199219,23533.199219,482550000.0,539.8900150000001,543.840027,506.790009,543.830017,543.830017,225200086,8724.980469,8935.879883,8307.580078,8934.799805,8934.799805,939997284
128,2018-03-24,581271330,16814051,683109,1765863,,,,,,,,,,,,,543.840027,546.01001,519.51001,520.159973,520.159973,129350391,8935.509766,9036.230469,8515.530273,8548.05957,8548.05957,827663165
129,2018-03-25,502672527,15174175,569600,1637219,,,,,,,,,,,,,520.169983,535.77002,513.630005,523.01001,523.01001,111462284,8548.389648,8690.360352,8395.849609,8472.839844,8472.839844,657643520
130,2018-03-25,502672527,15174175,569600,1637219,,,,,,,,,,,,,520.169983,535.77002,513.630005,523.01001,523.01001,111462284,8472.55957,8521.040039,7869.27002,8152.200195,8152.200195,1079038734
131,2018-03-25,502672527,15174175,569600,1637219,,,,,,,,,,,,,522.969971,526.200012,467.48001100000005,486.25,486.25,278656813,8548.389648,8690.360352,8395.849609,8472.839844,8472.839844,657643520
132,2018-03-25,502672527,15174175,569600,1637219,,,,,,,,,,,,,522.969971,526.200012,467.48001100000005,486.25,486.25,278656813,8472.55957,8521.040039,7869.27002,8152.200195,8152.200195,1079038734
133,2018-03-26,431122629,14546976,527888,1606507,2619.350098,2661.360107,2601.810059,2658.550049,2658.550049,3511100000.0,23825.740234,24232.300781,23741.220703,24202.599609,24202.599609,479540000.0,486.14001500000006,491.920013,446.420013,448.77999900000003,448.77999900000003,328179170,8152.180176000001,8226.240234,7752.299805,7808.47998,7808.47998,930754990
134,2018-03-27,439687947,14792027,534460,1644285,2667.570068,2674.780029,2596.1201170000004,2612.6201170000004,2612.6201170000004,3706350000.0,24276.619141,24446.220703,23708.730469,23857.710938,23857.710938,524480000.0,448.77999900000003,465.200012,440.35000599999995,445.92999299999997,445.92999299999997,187271233,7808.419922,8117.790039,7752.600098000001,7959.779785,7959.779785,657712114
135,2018-03-28,337588568,11798405,386398,1268768,2611.300049,2632.649902,2593.060059,2605.0,2605.0,3864500000.0,23883.080078,24092.470703,23728.669922,23848.419922,23848.419922,530040000.0,445.92999299999997,448.5,380.350006,383.899994,383.899994,472575968,7959.779785,7983.77002,6927.109863,7106.620117,7106.620117,1379180030
136,2018-03-29,360177519,12320490,410836,1327874,2614.409912,2659.070068,2609.719971,2640.8701170000004,2640.8701170000004,3565990000.0,23949.179688,24314.300781,23928.130859,24103.109375,24103.109375,463550000.0,383.959991,411.170013,364.98999,393.820007,393.820007,450253373,7106.620117,7280.27002,6595.259765999999,6853.759765999999,6853.759765999999,1584675343
137,2018-03-30,311963911,10706609,371709,1136575,,,,,,,,,,,,,393.829987,421.049988,389.98999,394.070007,394.070007,243062846,6853.75,7228.399901999999,6806.339844,6943.77002,6943.77002,915400590
138,2018-03-31,338061606,11605359,384200,1207913,,,,,,,,,,,,,394.070007,399.589996,359.22000099999997,378.850006,378.850006,236013242,6943.77002,7056.220215,6463.540039,6835.839844,6835.839844,889887684
139,2018-04-01,356766694,12095991,394295,1236194,,,,,,,,,,,,,378.850006,394.119995,375.799988,384.679993,384.679993,156793473,6835.580078,8218.660156,6792.299805,7074.600098000001,7074.600098000001,748861435
140,2018-04-02,369000913,12217756,389454,1312187,2633.449951,2638.300049,2553.800049,2581.8798829999996,2581.8798829999996,3598520000.0,24076.599609,24123.800781,23344.519531,23644.189453,23644.189453,509820000.0,384.679993,426.839996,380.709991,415.929993,415.929993,223508235,7074.649901999999,7528.970215,7039.879883,7434.299805,7434.299805,905326798
141,2018-04-03,383058573,12342950,399792,1309885,2592.169922,2619.139893,2575.48999,2614.449951,2614.449951,3392810000.0,23698.330078,24044.349609,23664.330078,24033.359375,24033.359375,394130000.0,415.929993,417.109985,370.660004,378.649994,378.649994,223170178,7434.299805,7442.419922,6727.089844,6815.5,6815.5,877199782
142,2018-04-04,389149868,12549074,416134,1325195,2584.040039,2649.860107,2573.610107,2644.689941,2644.689941,3350340000.0,23654.150391,24308.960938,23523.160156,24264.300781,24264.300781,388540000.0,378.649994,387.559998,367.149994,381.359985,381.359985,160332018,6815.5,6933.660156,6602.379883,6790.450195,6790.450195,777145174
143,2018-04-05,405397215,13102965,433409,1361998,2657.360107,2672.080078,2649.580078,2662.840088,2662.840088,3178970000.0,24313.910156,24622.259766,24313.910156,24505.220703,24505.220703,347790000.0,381.429993,385.77999900000003,363.51001,370.350006,370.350006,133748822,6790.450195,6869.529785,6526.669922,6634.859863000001,6634.859863000001,605651287
144,2018-04-06,422259701,15481386,444588,1614754,2645.820068,2656.8798829999996,2586.27002,2604.469971,2604.469971,3299700000.0,24373.599609,24434.400391,23738.199219,23932.759766,23932.759766,395990000.0,370.350006,397.100006,369.660004,384.980011,384.980011,108165642,6634.859863000001,7083.850098000001,6624.470215,6917.200195,6917.200195,564883141
145,2018-04-07,420654676,16222548,460317,1681305,,,,,,,,,,,,,384.980011,404.22000099999997,384.980011,400.72000099999997,400.72000099999997,107956653,6917.200195,7132.029785,6911.02002,7049.919922,7049.919922,425825572
146,2018-04-14,549448325,19482407,664880,1975018,,,,,,,,,,,,,502.790009,534.3099980000001,502.790009,534.150024,534.150024,243926045,8022.509765999999,8437.030273,8021.040039,8376.730469,8376.730469,570527804
147,2018-04-15,572121957,19434459,700519,1979449,,,,,,,,,,,,,534.159973,537.47998,499.170013,511.670013,511.670013,249996040,8376.730469,8430.929688,7929.240234000001,8079.77002,8079.77002,713471956
148,2018-04-16,616802580,20123453,748756,2329133,2670.100098,2686.48999,2665.159912,2677.840088,2677.840088,3019700000.0,24483.150391,24675.359375,24480.199219,24573.039063,24573.039063,305070000.0,511.670013,522.070007,500.48001100000005,503.02999900000003,503.02999900000003,195195626,8079.77002,8187.600098000001,7858.120117,7921.629883,7921.629883,580880500
149,2018-04-17,626216801,20719128,767435,2382170,2692.73999,2713.340088,2692.050049,2706.389893,2706.389893,3234360000.0,24681.789063,24858.970703,24681.789063,24786.630859,24786.630859,342410000.0,503.02999900000003,526.6099849999999,501.700012,525.780029,525.780029,178681435,7921.649901999999,8246.570313,7908.919922,8189.959961,8189.959961,593500791
150,2018-04-18,658596718,20811901,783965,2389660,2710.110107,2717.48999,2703.6298829999996,2708.639893,2708.639893,3383410000.0,24820.849609,24832.539063,24721.089844,24748.070313,24748.070313,302030000.0,525.780029,570.179993,521.830017,567.25,567.25,267530654,8189.919922,8321.009766,8136.419922,8301.820313,8301.820313,602099034
151,2018-04-19,652140288,19943265,776404,2355243,2701.159912,2702.840088,2681.899902,2693.1298829999996,2693.1298829999996,3349370000.0,24711.300781,24762.480469,24557.029297,24664.890625,24664.890625,381110000.0,567.25,622.1400150000001,557.97998,617.159973,617.159973,410498449,8301.820313,8945.139648,8243.490234,8877.080078,8877.080078,979994921
152,2018-04-20,659548951,19437537,774204,2236492,2692.560059,2693.939941,2660.610107,2670.139893,2670.139893,3388590000.0,24657.390625,24678.070313,24375.039063,24462.939453,24462.939453,537770000.0,617.169983,625.150024,576.090027,605.169983,605.169983,294264369,8877.150391,9047.820313,8631.179688,8935.719727,8935.719727,829073400
153,2018-04-21,648511549,19963930,791828,2303815,,,,,,,,,,,,,605.169983,644.289978,591.8099980000001,621.330017,621.330017,270504773,8935.849609,9043.980469,8788.44043,8823.360352,8823.360352,610183093
154,2018-04-22,676285698,20231642,830068,2321217,,,,,,,,,,,,,621.330017,648.409973,619.570007,644.130005,644.130005,238556831,8823.459961,9025.730469,8804.200195,8968.25,8968.25,553892335
155,2018-04-23,689456031,18345784,841325,1764591,2675.399902,2682.860107,2657.98999,2670.290039,2670.290039,3017480000.0,24488.070313,24536.890625,24328.539063,24448.689453,24448.689453,351030000.0,644.130005,711.6400150000001,644.0599980000001,703.349976,703.349976,538337384,8967.860352,9741.910156,8957.679688,9655.769531,9655.769531,1276464750
156,2018-04-24,707217877,18706526,828254,1782615,2680.800049,2683.550049,2617.320068,2634.560059,2634.560059,3706740000.0,24579.939453,24579.939453,23828.730469,24024.130859,24024.130859,468180000.0,703.400024,703.900024,592.590027,617.72998,617.72998,903686072,9657.69043,9765.230469,8757.05957,8873.620117,8873.620117,1779806222
157,2018-04-25,731781504,20160099,864205,1967502,2634.919922,2645.300049,2612.669922,2639.399902,2639.399902,3499440000.0,24070.199219,24146.339844,23823.080078,24083.830078,24083.830078,437100000.0,617.619995,665.969971,600.349976,661.450012,661.450012,387845424,8873.570313,9315.129883,8669.379883,9282.120117,9282.120117,997427934
158,2018-04-26,793096656,21559037,913456,2061940,2651.649902,2676.47998,2647.159912,2666.939941,2666.939941,3665720000.0,24128.720703,24402.460938,24128.720703,24322.339844,24322.339844,390360000.0,661.409973,686.049988,640.73999,643.330017,643.330017,323944620,9289.009766,9385.870117,8923.480469,8938.469727,8938.469727,758182407
159,2018-04-27,853298391,22721454,951699,2112942,2675.469971,2677.350098,2659.01001,2669.909912,2669.909912,3219030000.0,24342.140625,24359.380859,24194.449219,24311.189453,24311.189453,392810000.0,643.119995,693.469971,640.090027,683.02002,683.02002,238423753,8938.469727,9435.900391,8892.519531,9351.469727,9351.469727,774111704
160,2018-04-28,767468772,21610054,834481,1849625,,,,,,,,,,,,,683.02002,698.950012,665.280029,689.3099980000001,689.3099980000001,216606354,9349.94043,9552.669922,9189.070313,9407.040039,9407.040039,640931911
161,2018-04-29,823932637,22572179,875198,1901201,,,,,,,,,,,,,689.3099980000001,693.630005,663.280029,670.039978,670.039978,248315675,9407.349609,9459.80957,9133.599609,9248.450195,9248.450195,574099218
162,2018-04-30,817861124,22673031,876231,1925937,2682.51001,2682.8701170000004,2648.040039,2648.050049,2648.050049,3734530000.0,24410.410156,24498.230469,24163.080078,24163.150391,24163.150391,416650000.0,670.039978,674.619995,628.289978,670.8099980000001,670.8099980000001,355270695,9248.25,9251.660156,8851.099609,9077.280273,9077.280273,669555436
163,2018-05-01,799285892,22032705,866635,1952524,2642.959961,2655.27002,2625.409912,2654.800049,2654.800049,3559850000.0,24117.289063,24117.289063,23808.189453,24099.050781,24099.050781,380070000.0,670.8099980000001,690.8599849999999,662.130005,686.73999,686.73999,255558720,9077.280273,9271.620117,8993.820313,9232.19043,9232.19043,527488395
164,2018-05-02,720232823,21115837,806121,1933750,2654.23999,2660.8701170000004,2631.699951,2635.669922,2635.669922,4010770000.0,24097.630859,24185.519531,23886.300781,23924.980469,23924.980469,385350000.0,686.73999,787.570007,685.919983,777.619995,777.619995,588164727,9232.19043,9817.19043,9172.280273,9745.040039,9745.040039,857646889
165,2018-05-03,764162814,21610180,860498,1966925,2628.080078,2637.139893,2594.6201170000004,2629.72998,2629.72998,3851470000.0,23836.230469,23996.150391,23531.310547,23930.150391,23930.150391,389240000.0,777.780029,804.630005,759.669983,784.210022,784.210022,427563922,9746.259766,9785.150391,9547.209961,9699.610352,9699.610352,663887678
166,2018-05-04,755841534,20815362,869154,2035521,2621.449951,2670.929932,2615.320068,2663.419922,2663.419922,3327220000.0,23865.220703,24333.349609,23778.869141,24262.509766,24262.509766,329480000.0,784.1900019999999,827.4400019999999,780.080017,816.580017,816.580017,315600160,9700.370117,9968.849609,9687.089844,9845.900391,9845.900391,679872376
167,2018-05-05,796406168,21804338,913396,2056003,,,,,,,,,,,,,816.590027,834.299988,753.51001,790.3900150000001,790.3900150000001,374541870,9846.44043,9936.959961,9441.929688,9644.919922,9644.919922,608650204
168,2018-05-06,838536371,22616987,962025,2113317,,,,,,,,,,,,,790.3900150000001,794.8599849999999,690.909973,752.400024,752.400024,828032480,9643.990234,9662.230469,9202.129883,9377.80957,9377.80957,692580062
169,2018-05-07,894224918,25438126,1046060,2499932,2680.340088,2683.350098,2664.699951,2672.6298829999996,2672.6298829999996,3237960000.0,24317.660156,24479.449219,24263.419922,24357.320313,24357.320313,307670000.0,752.3900150000001,775.380005,720.3599849999999,747.789978,747.789978,380893335,9377.080078,9472.089844,9063.070313,9196.129883,9196.129883,673924125
170,2018-05-08,943425171,27608965,1129812,2694822,2670.26001,2676.340088,2655.199951,2671.919922,2671.919922,3717570000.0,24341.349609,24412.339844,24198.339844,24360.210938,24360.210938,344940000.0,747.789978,759.909973,709.780029,751.27002,751.27002,341691727,9196.129883,9373.459961,8987.269531,9321.160156,9321.160156,625495066
171,2018-05-09,1006703381,28156486,1193545,2762252,2678.1201170000004,2701.27002,2674.139893,2697.790039,2697.790039,3909500000.0,24399.179688,24586.480469,24323.869141,24542.539063,24542.539063,361580000.0,751.27002,767.219971,722.650024,723.6099849999999,723.6099849999999,287536989,9321.519531,9393.950195,9017.129883,9032.219727,9032.219727,629850604
172,2018-05-10,761080011,24078131,972649,2465412,2705.02002,2726.110107,2704.540039,2723.070068,2723.070068,3333050000.0,24591.660156,24794.990234,24575.910156,24739.529297,24739.529297,304210000.0,723.630005,735.969971,665.48999,677.799988,677.799988,518848404,9032.219727,9032.269531,8363.5,8421.0,8421.0,1176888629
173,2018-05-11,809375281,24743626,995571,2483529,2722.699951,2732.860107,2717.449951,2727.719971,2727.719971,2862700000.0,24758.640625,24868.650391,24717.5,24831.169922,24831.169922,274150000.0,677.799988,690.880005,638.469971,683.6400150000001,683.6400150000001,324590855,8420.820313,8653.799805,8225.969727,8486.669922,8486.669922,783972252
174,2018-05-12,779246516,24513022,944389,2458668,,,,,,,,,,,,,683.6400150000001,740.02002,669.960022,729.340027,729.340027,274037817,8488.070313,8773.959961,8350.910156,8709.459961,8709.459961,525395861
175,2018-05-13,756780833,23649281,962554,2378378,,,,,,,,,,,,,729.340027,741.820007,685.75,727.409973,727.409973,453297981,8709.459961,8883.0,8312.719727,8672.900391,8672.900391,874543293
176,2018-05-14,1132606654,27309627,1119458,2750567,2738.469971,2742.100098,2725.469971,2730.1298829999996,2730.1298829999996,2972660000.0,24879.369141,24994.189453,24862.519531,24899.410156,24899.410156,282860000.0,727.409973,738.530029,695.299988,705.6400150000001,705.6400150000001,287313625,8672.879883,8848.69043,8441.25,8480.160156,8480.160156,730739738
177,2018-05-15,885727033,21505352,984137,1801714,2718.590088,2718.590088,2701.909912,2711.449951,2711.449951,3290680000.0,24809.550781,24809.550781,24629.390625,24706.410156,24706.410156,301900000.0,705.6400150000001,710.26001,676.599976,706.719971,706.719971,251185347,8480.160156,8501.650391,8119.169922,8344.780273,8344.780273,789660713
178,2018-05-16,759357317,23120167,959817,2370616,2712.6201170000004,2727.76001,2712.169922,2722.459961,2722.459961,3202670000.0,24722.320313,24801.189453,24672.789063,24768.929688,24768.929688,280810000.0,706.710022,718.3099980000001,661.8099980000001,668.380005,668.380005,244822300,8342.69043,8476.450195,8015.77002,8071.040039,8071.040039,615539512
179,2018-05-17,779102129,22123962,978318,2151358,2719.709961,2731.959961,2711.360107,2720.1298829999996,2720.1298829999996,3475400000.0,24752.400391,24839.490234,24639.400391,24713.980469,24713.980469,314650000.0,668.409973,694.349976,657.700012,693.570007,693.570007,238310952,8071.040039,8280.450195,7940.350098000001,8247.910156,8247.910156,558167598
180,2018-05-18,837897443,23300603,1031649,2232796,2717.350098,2719.5,2709.179932,2712.969971,2712.969971,3368690000.0,24707.720703,24774.970703,24664.869141,24715.089844,24715.089844,269700000.0,693.570007,716.8599849999999,683.0,696.049988,696.049988,161222563,8247.910156,8397.269531,8160.799805,8249.240234,8249.240234,381458405
181,2018-05-19,921609450,26550004,1145552,2875553,,,,,,,,,,,,,696.049988,722.710022,687.8599849999999,715.150024,715.150024,165135550,8249.240234,8591.450195,8181.459961,8533.0,8533.0,418898289
182,2018-05-20,992485438,28121316,1356271,3261036,,,,,,,,,,,,,715.150024,718.700012,687.0599980000001,696.72998,696.72998,144560339,8533.219727,8585.849609,8347.879883,8419.650391,8419.650391,463653636
183,2018-05-21,1006682347,29131860,1344143,3538749,2735.389893,2739.189941,2725.699951,2733.01001,2733.01001,3019890000.0,24883.060547,25086.490234,24883.060547,25013.289063,25013.289063,308920000.0,696.72998,698.460022,638.349976,640.840027,640.840027,287275714,8419.669922,8428.599609,7962.430176000001,7992.75,7992.75,543342369
184,2018-05-22,1065679121,30130567,1403940,3689712,2738.340088,2742.23999,2721.8798829999996,2724.439941,2724.439941,3366310000.0,25047.550781,25064.990234,24812.060547,24834.410156,24834.410156,288200000.0,641.119995,649.590027,564.320007,577.01001,577.01001,549177930,7992.75,8031.629883,7460.660156,7505.77002,7505.77002,934151146
185,2018-05-23,1120374857,31036082,1450509,3785744,2713.97998,2733.330078,2709.540039,2733.290039,2733.290039,3326290000.0,24757.710938,24889.460938,24667.119141,24886.810547,24886.810547,399610000.0,577.01001,609.0,544.1900019999999,602.590027,602.590027,426679791,7505.77002,7729.47998,7283.77002,7584.740234000001,7584.740234000001,826278113
186,2018-05-24,1132741565,31120807,1481690,3828515,2730.939941,2731.969971,2707.3798829999996,2727.76001,2727.76001,3256030000.0,24877.359375,24877.359375,24605.900391,24811.759766,24811.759766,347050000.0,602.659973,615.919983,568.650024,584.77002,584.77002,281427114,7584.779785,7652.370117,7347.959961,7475.359863,7475.359863,634474356
187,2018-05-25,1183835157,32370690,1525366,3920717,2723.600098,2727.360107,2714.98999,2721.330078,2721.330078,2995260000.0,24781.289063,24824.220703,24687.810547,24753.089844,24753.089844,257210000.0,584.77002,607.8099980000001,578.429993,585.76001,585.76001,146794781,7475.359863,7626.689941,7314.709961,7355.060059,7355.060059,368322782
188,2018-05-26,1124812174,31926702,1600367,3931843,,,,,,,,,,,,,585.76001,590.880005,555.200012,569.6400150000001,569.6400150000001,223422108,7355.060059,7420.069823999999,7256.669922,7362.22998,7362.22998,341348321
189,2018-05-27,1001773753,30183458,1465504,3836748,,,,,,,,,,,,,569.6400150000001,574.52002,500.80999800000006,512.030029,512.030029,387811928,7362.22998,7455.549805,7092.910156,7118.879883,7118.879883,526854342
190,2018-05-28,1139196925,32249861,1576745,3957563,,,,,,,,,,,,,512.030029,572.469971,510.910004,566.590027,566.590027,348565933,7118.879883,7533.029785,7069.009765999999,7474.75,7474.75,634849312
191,2018-05-29,1213435911,33489013,1626175,4029917,2705.110107,2710.669922,2676.810059,2689.860107,2689.860107,3736890000.0,24606.589844,24635.179688,24247.839844,24361.449219,24361.449219,395810000.0,566.700012,585.22998,542.080017,557.119995,557.119995,254739325,7474.75,7571.080078,7295.779785,7393.02002,7393.02002,505870974
192,2018-05-30,1112807843,32859497,1597326,4061826,2702.429932,2729.340088,2702.429932,2724.01001,2724.01001,3561050000.0,24467.830078,24714.480469,24459.089844,24667.779297,24667.779297,324870000.0,557.119995,585.919983,553.419983,577.22998,577.22998,236501539,7393.02002,7608.870117,7349.52002,7502.149901999999,7502.149901999999,458223966
193,2018-05-31,1145679756,33433919,1711226,4108133,2720.97998,2722.5,2700.679932,2705.27002,2705.27002,4235370000.0,24620.789063,24620.789063,24352.150391,24415.839844,24415.839844,429740000.0,577.22998,589.26001,564.460022,579.01001,579.01001,202265552,7501.740234000001,7614.660156,7370.27002,7530.549805,7530.549805,458687659
194,2018-06-01,1211468091,35068320,1768385,4232895,2718.699951,2736.929932,2718.699951,2734.6201170000004,2734.6201170000004,3684130000.0,24542.089844,24673.599609,24542.089844,24635.210938,24635.210938,315710000.0,579.01001,599.530029,574.3599849999999,590.530029,590.530029,171480785,7530.549805,7697.339844,7467.790039,7643.259765999999,7643.259765999999,362414878
195,2018-06-02,1081706800,31396766,1582244,3020849,,,,,,,,,,,,,590.530029,628.0599980000001,590.299988,619.039978,619.039978,157840093,7643.259765999999,7774.959961,7606.759765999999,7719.75,7719.75,332313005
196,2018-06-03,902470380,27598255,1281872,2594139,,,,,,,,,,,,,619.030029,625.950012,580.070007,591.3099980000001,591.3099980000001,201486274,7719.72998,7760.72998,7469.209961,7503.200195,7503.200195,427448262
197,2018-06-04,933630024,28455957,1320515,2649937,2741.669922,2749.159912,2740.540039,2746.8701170000004,2746.8701170000004,3376510000.0,24727.550781,24859.369141,24722.140625,24813.689453,24813.689453,340400000.0,591.3099980000001,612.98999,576.469971,608.22998,608.22998,193989055,7503.319823999999,7672.700195,7394.970215,7629.399901999999,7629.399901999999,440337235
198,2018-06-05,977576115,29264030,1378925,2734972,2748.459961,2752.610107,2739.51001,2748.800049,2748.800049,3517790000.0,24820.119141,24838.779297,24710.820313,24799.980469,24799.980469,306340000.0,608.200012,611.669983,593.099976,606.299988,606.299988,158835369,7629.399901999999,7701.350098000001,7504.97998,7661.790039,7661.790039,396116252
199,2018-06-06,1008714823,31990462,1484376,3101442,2753.25,2772.389893,2748.459961,2772.350098,2772.350098,3651640000.0,24854.140625,25146.460938,24854.140625,25146.390625,25146.390625,316090000.0,606.299988,616.0,598.599976,604.4400019999999,604.4400019999999,170556871,7661.790039,7755.919922,7651.129883,7700.109863,7700.109863,342475552
200,2018-06-07,1068140514,33714936,1544115,3252886,2774.840088,2779.899902,2760.159912,2770.3701170000004,2770.3701170000004,3711330000.0,25192.140625,25326.089844,25164.480469,25241.410156,25241.410156,357680000.0,604.4400019999999,607.77002,592.840027,599.549988,599.549988,118164433,7700.399901999999,7709.609863,7559.5,7627.52002,7627.52002,310119047
201,2018-06-08,1108435945,34243677,1670047,3360747,2765.840088,2779.389893,2763.590088,2779.030029,2779.030029,3123210000.0,25209.289063,25325.630859,25165.699219,25316.529297,25316.529297,317510000.0,599.549988,609.1099849999999,591.719971,593.380005,593.380005,85198699,7627.560059,7691.740234000001,7495.720215,7513.689941,7513.689941,218013881
202,2018-06-09,1091757250,33832034,1689408,3410433,,,,,,,,,,,,,593.349976,593.349976,501.67999299999997,524.73999,524.73999,345313063,7513.759765999999,7514.040039,6661.97998,6773.720215,6773.720215,895514425
203,2018-06-10,985094838,30761523,1681044,3351105,,,,,,,,,,,,,524.72998,535.789978,509.82000700000003,531.150024,531.150024,264673809,6773.720215,6913.850098000001,6652.890136999999,6887.370117,6887.370117,482788065
204,2018-06-11,999480200,30931203,1695619,3320709,2780.179932,2790.209961,2780.169922,2782.0,2782.0,3232330000.0,25336.669922,25402.830078,25290.199219,25322.310547,25322.310547,276740000.0,531.150024,539.340027,484.700012,494.52999900000003,494.52999900000003,279956302,6887.430176000001,6888.330078,6462.609863000001,6556.939941,6556.939941,509372466
205,2018-06-12,999228227,31465607,1670737,3352328,2785.600098,2789.800049,2778.780029,2786.850098,2786.850098,3401010000.0,25346.820313,25364.369141,25247.039063,25320.730469,25320.730469,265750000.0,494.52999900000003,501.670013,450.049988,476.299988,476.299988,357167683,6556.939941,6623.0,6140.629883,6310.430176,6310.430176,797087281
206,2018-06-13,1029543663,31724423,1708246,3379632,2787.939941,2791.469971,2774.649902,2775.6298829999996,2775.6298829999996,3779230000.0,25328.650391,25362.070313,25191.419922,25201.199219,25201.199219,329700000.0,476.299988,526.6400150000001,460.01000999999997,519.830017,519.830017,440112742,6310.430176,6719.439941,6286.22998,6643.259765999999,6643.259765999999,620296377
207,2018-06-14,1023002785,31057458,1694588,3289433,2783.209961,2789.060059,2776.52002,2782.48999,2782.48999,3526890000.0,25254.650391,25332.5,25138.599609,25175.310547,25175.310547,341170000.0,519.830017,521.179993,483.01998899999995,487.51000999999997,487.51000999999997,255304825,6643.629883,6667.22998,6380.689941,6396.709961,6396.709961,379228601
